<?xml version="1.0" encoding="UTF8"?>
<toolchains>
  <!-- place this file in ${user.home}/.m2/toolchains.xml -->

  <!-- see: https://github.com/travis-ci/travis-cookbooks/blob/master/cookbooks/travis_java/templates/ubuntu/jdk_switcher.sh.erb -->

  <toolchain>
    <type>jdk</type>
    <provides>
      <version>1.6</version>
    </provides>
    <configuration>
      <jdkHome>/usr/lib/jvm/java-6-openjdk-amd64</jdkHome>
    </configuration>
  </toolchain>
  <toolchain>
    <type>jdk</type>
    <provides>
      <version>1.7</version>
    </provides>
    <configuration>
      <jdkHome>/usr/lib/jvm/java-7-openjdk-amd64</jdkHome>
    </configuration>
  </toolchain>
  <toolchain>
    <type>jdk</type>
    <provides>
      <version>1.8</version>
    </provides>
    <configuration>
      <jdkHome>/usr/lib/jvm/java-8-oracle</jdkHome>
    </configuration>
  </toolchain>
</toolchains>