<?xml version="1.0"?>

<ruleset name="ApexUnit"
         xmlns="http://pmd.sourceforge.net/ruleset/2.0.0"
         xmlns:xsi="http://www.w3.org/2001/XMLSchema-instance"
         xsi:schemaLocation="http://pmd.sourceforge.net/ruleset/2.0.0 http://pmd.sourceforge.net/ruleset_2_0_0.xsd">
    <description>
        These rules deal with different problems that can occur with Apex unit tests.
    </description>

    <rule name="ApexUnitTestClassShouldHaveAsserts"
          since="5.5.1"
          message="Apex unit tests should System.assert() or assertEquals() or assertNotEquals()"
          class="net.sourceforge.pmd.lang.apex.rule.apexunit.ApexUnitTestClassShouldHaveAsserts"
          externalInfoUrl="${pmd.website.baseurl}/rules/apex/apexunit.html#ApexUnitTestClassShouldHaveAsserts">
        <description>
            Apex unit tests should include at least one assertion.  This makes the tests more robust, and using assert
            with messages provide the developer a clearer idea of what the test does.
        </description>
        <priority>3</priority>
        <example>
            <![CDATA[
@isTest
public class Foo {
   public static testMethod void testSomething() {
      Account a = null;
   // This is better than having a NullPointerException
   // System.assertNotEquals(a, null, 'account not found');
   a.toString();
   }
}
    ]]>
        </example>
    </rule>
    <rule name="ApexUnitTestShouldNotUseSeeAllDataTrue"
          since="5.5.1"
          message="Apex unit tests should not use @isTest(seeAllData = true)"
          class="net.sourceforge.pmd.lang.apex.rule.apexunit.ApexUnitTestShouldNotUseSeeAllDataTrue"
          externalInfoUrl="${pmd.website.baseurl}/rules/apex/apexunit.html#ApexUnitTestShouldNotUseSeeAllDataTrue">
        <description>
            Apex unit tests should not use @isTest(seeAllData=true) because it opens up the existing database data for unexpected modification by tests.
        </description>
        <priority>3</priority>
        <example>
            <![CDATA[
@isTest(seeAllData = true)
public class Foo {
   public static testMethod void testSomething() {
      Account a = null;
   // This is better than having a NullPointerException
   // System.assertNotEquals(a, null, 'account not found');
   a.toString();
   }
}
    ]]>
        </example>
    </rule>
</ruleset>
